{
  "sharpe": -42.815197776055534,
  "max_drawdown": 0.06950751848216585,
  "win_rate": 0.17582417582417584,
  "total_return": -0.06950751848216585,
  "trade_count": 76
}