{
  "long_threshold": 0.670503734361216,
  "short_threshold": 0.2520085319161853
}