{
  "long_threshold": 0.7484231713567331,
  "short_threshold": 0.47802861879479025
}