{
  "long_threshold": 0.7468698680429599,
  "short_threshold": 0.47900372015575876
}