{
  "sharpe": -46.20751500018981,
  "max_drawdown": 0.05422529682953059,
  "win_rate": 0.24175824175824176,
  "total_return": -0.05390568873646584,
  "trade_count": 82
}