{
  "long_threshold": 0.6379677424406822,
  "short_threshold": 0.38325588685959305
}