{
  "sharpe": -32.01320678342721,
  "max_drawdown": 0.04953653606404529,
  "win_rate": 0.2914572864321608,
  "total_return": -0.0481913411745476,
  "trade_count": 103
}