{
  "long_threshold": 0.5599380016429187,
  "short_threshold": 0.29157098129108644
}