{
  "long_threshold": 0.7048160934524403,
  "short_threshold": 0.4722700402430162
}