{
  "long_threshold": 0.7492079232974844,
  "short_threshold": 0.47825003625662693
}