{
  "long_threshold": 0.7458016090195573,
  "short_threshold": 0.47633360855643747
}