{
  "long_threshold": 0.7420823409914153,
  "short_threshold": 0.4767364712874927
}