{
  "sharpe": -31.260326456143886,
  "max_drawdown": 0.05145488339618254,
  "win_rate": 0.3316582914572864,
  "total_return": -0.04910089478392621,
  "trade_count": 87
}