{
  "long_threshold": 0.5214300126882973,
  "short_threshold": 0.47943505959772875
}