{
  "sharpe": -31.432007867912034,
  "max_drawdown": 0.05283011750386346,
  "win_rate": 0.33668341708542715,
  "total_return": -0.04835538441731502,
  "trade_count": 105
}