{
  "long_threshold": 0.5270478734774753,
  "short_threshold": 0.42663430993257145
}