{
  "sharpe": -46.05200108430212,
  "max_drawdown": 0.05489290176859318,
  "win_rate": 0.25824175824175827,
  "total_return": -0.05489290176859318,
  "trade_count": 81
}