{
  "long_threshold": 0.6664201771017788,
  "short_threshold": 0.4353923069907996
}