{
  "sharpe": -511.7636106657784,
  "max_drawdown": 0.04828379718485343,
  "win_rate": 0.24120603015075376,
  "total_return": -0.04828379718485343,
  "trade_count": 95
}