{
  "long_threshold": 0.5392430931988852,
  "short_threshold": 0.41258755384915335
}