{
  "sharpe": -42.75115712952399,
  "max_drawdown": 0.07266196952943083,
  "win_rate": 0.24725274725274726,
  "total_return": -0.07266196952943083,
  "trade_count": 82
}