{
  "long_threshold": 0.670927392935996,
  "short_threshold": 0.43128076768573737
}