{
  "long_threshold": 0.7457948834570064,
  "short_threshold": 0.4762792780794978
}