{
  "long_threshold": 0.5209073959509595,
  "short_threshold": 0.4768958000257443
}