{
  "sharpe": -33.672564900266046,
  "max_drawdown": 0.05560468077443925,
  "win_rate": 0.31155778894472363,
  "total_return": -0.050985907429026533,
  "trade_count": 103
}