{
  "long_threshold": 0.6541668567680966,
  "short_threshold": 0.44177835750722394
}