{
  "long_threshold": 0.6582781044224901,
  "short_threshold": 0.4790120608837367
}