{
  "long_threshold": 0.5202987678332734,
  "short_threshold": 0.34381166832770316
}