{
  "sharpe": -56.62039009797503,
  "max_drawdown": 0.04539926704162067,
  "total_return": -0.04329041301767789,
  "bar_win_rate": 0.275,
  "transition_count": 90,
  "completed_trade_win_rate": 0.5333333333333333,
  "completed_trade_count": 45
}