{
  "long_threshold": 0.524422892613006,
  "short_threshold": 0.4404468671829895
}