{
  "sharpe": -45.77523302049504,
  "max_drawdown": 0.05213447057462017,
  "win_rate": 0.23626373626373626,
  "total_return": -0.051415590844484216,
  "trade_count": 84
}