{
  "long_threshold": 0.5656340171534544,
  "short_threshold": 0.3362535225465046
}