{
  "long_threshold": 0.5206333049713828,
  "short_threshold": 0.3989032387907944
}