{
  "sharpe": -9.315626741754388,
  "max_drawdown": 0.01322036381561753,
  "total_return": -0.007724575498947006,
  "bar_win_rate": 0.475,
  "transition_count": 9,
  "completed_trade_win_rate": 0.5,
  "completed_trade_count": 4
}