{
  "long_threshold": 0.5672417643420733,
  "short_threshold": 0.47506769344909433
}