{
  "sharpe": -44.12305874823613,
  "max_drawdown": 0.051008125800585,
  "win_rate": 0.23076923076923078,
  "total_return": -0.05085384321649766,
  "trade_count": 77
}