{
  "long_threshold": 0.5820248737868796,
  "short_threshold": 0.3218092829162647
}