{
  "sharpe": -45.79573915054589,
  "max_drawdown": 0.05450077637359718,
  "win_rate": 0.25824175824175827,
  "total_return": -0.05450077637359718,
  "trade_count": 79
}