{
  "long_threshold": 0.6717344428216053,
  "short_threshold": 0.441164338964503
}