{
  "sharpe": -7.958002682159639,
  "max_drawdown": 0.013220363815617309,
  "total_return": -0.006601658269937416,
  "bar_win_rate": 0.48,
  "transition_count": 7,
  "completed_trade_win_rate": 0.6666666666666666,
  "completed_trade_count": 3
}