{
  "long_threshold": 0.7403676659679754,
  "short_threshold": 0.4785548450330771
}