{
  "sharpe": -552.4429066640539,
  "max_drawdown": 0.044329391249329775,
  "win_rate": 0.12060301507537688,
  "total_return": -0.044329391249329775,
  "trade_count": 88
}