{
  "long_threshold": 0.7489297749737982,
  "short_threshold": 0.2526295144690637
}